饰品名称,品类,score,strategies,ret7,ret30,body,close_location,position30
AUG | Colony (Factory New),gun_FN,100.0,1,0.3840825,-0.0058438927,0.3840825,1.0,0.6455456
Tec-9 | Army Mesh (Factory New),gun_FN,99.10884786760026,2,-0.27272728,-0.3846154,0.04347826,0.8,0.18181819
FAMAS | Survivor Z (Factory New),gun_FN,96.91279439847231,2,-0.21070375,-0.46925473,0.051066216,0.8198198,0.108833574
AUG | Lapis Lazuli (Factory New),gun_FN,94.78039465308721,3,0.14512375,0.104693875,0.024995266,1.0,1.0
Dual Berettas | Marina (Factory New),gun_FN,94.78039465308721,3,0.038476717,0.08537843,0.015761709,1.0,1.0
UMP-45 | Carbon Fiber (Factory New),gun_FN,94.78039465308721,3,0.16923077,0.08571429,0.16923077,1.0,0.84210527
Patch | Phoenix,agent,93.6346276257161,3,0.15384616,0.32352942,0.14795919,0.96153843,0.96153843
AUG | Contractor (Factory New),gun_FN,92.61616804583068,2,-0.19908467,-0.41666666,0.17056856,1.0,0.14480874
FAMAS | CaliCamo (Factory New),gun_FN,92.26607256524507,2,-0.17740946,-0.4654966,0.032357473,1.0,0.03553719
FAMAS | Styx (Factory New),gun_FN,45.894334818586884,3,0.03932955,0.18246794,0.013513514,1.0,0.9468085
M4A1-S | Atomic Alloy (Factory New),gun_FN,45.894334818586884,3,0.11670189,0.21836735,0.051056337,0.92239183,0.98115104
MAC-10 | Malachite (Factory New),gun_FN,45.894334818586884,2,-0.16036718,-0.3732366,0.09276177,1.0,0.12417686
MP7 | Scorched (Factory New),gun_FN,45.894334818586884,3,0.031313054,0.023359288,0.08158947,1.0,0.73329246
P250 | Apep's Curse (Factory New),gun_FN,45.894334818586884,2,-0.1571875,-0.32490614,0.0788,0.98994976,0.13177258
PP-Bizon | Space Cat (Factory New),gun_FN,45.894334818586884,2,-0.17905405,-0.21359223,0.05652174,0.975,0.164
Poorly Drawn Capsule,agent,45.894334818586884,3,0.045558088,0.07746479,0.045558088,0.95238096,0.98333335
Tec-9 | Banana Leaf (Factory New),gun_FN,45.894334818586884,3,0.116504855,0.13861386,0.10576923,0.8666667,0.6481481
★ Hand Wraps | Badlands (Field-Tested),gloves_MW_FT,45.894334818586884,3,0.06515899,0.01037037,0.054095827,1.0,0.6430298
MAG-7 | Metallic DDPAT (Factory New),gun_FN,0.8274984086569064,3,0.114754096,0.014925373,0.21428572,0.9230769,0.875
